AR0126295,Greetings to Seychellois President,"fn_showArticle(""AR0126295"", """", ""NT21"", ""L"")"
AR0126287,Venezuelan City's Highest Order Awarded to Supreme Leader Kim Jong Un,"fn_showArticle(""AR0126287"", """", ""NT21"", ""L"")"
AR0126286,Xi Jinping to Visit DPRK,"fn_showArticle(""AR0126286"", """", ""NT21"", ""L"")"
AR0126281,Kim Jae Ryong Inspects Tokchon Area Coal-Mining Complex,"fn_showArticle(""AR0126281"", """", ""NT21"", ""L"")"
AR0126277,Double-Dealing Tactics Will Never Work: KCNA Commentary,"fn_showArticle(""AR0126277"", """", ""NT21"", ""L"")"
AR0126169,Central Election Guidance Committee Formed in DPRK,"fn_showArticle(""AR0126169"", """", ""NT21"", ""L"")"
AR0126127,Congratulations to President of Kazakhstan,"fn_showArticle(""AR0126127"", """", ""NT21"", ""L"")"
AR0126118,Greetings to Philippine President,"fn_showArticle(""AR0126118"", """", ""NT21"", ""L"")"
AR0126117,"KCNA Commentary Rebukes Japan's Attachment to ""Flag of Rising Sun Shedding Rays""","fn_showArticle(""AR0126117"", """", ""NT21"", ""L"")"
AR0126091,DPRK Premier Inspects Several Units,"fn_showArticle(""AR0126091"", """", ""NT21"", ""L"")"
AR0126353,Results of AFC Cup,"fn_showArticle(""AR0126353"", """", ""NT11"", ""L"")"
AR0126278,Results of 2018-2019 DPRK Premier Football League (14),"fn_showArticle(""AR0126278"", """", ""NT11"", ""L"")"
AR0126227,Road Relay Held in DPRK,"fn_showArticle(""AR0126227"", """", ""NT11"", ""L"")"
AR0126226,Results of 2018-2019 DPRK Women's Premier Football League (12),"fn_showArticle(""AR0126226"", """", ""NT11"", ""L"")"
AR0126058,Results of 2018-2019 DPRK Premier Football League (13),"fn_showArticle(""AR0126058"", """", ""NT11"", ""L"")"
AR0126283,Pyongyang International Sci-Tech Exhibition of Health and Medical Appliances Opens,"fn_showArticle(""AR0126283"", """", ""NT09"", ""L"")"
AR0125978,Fictions and Models - 2019 Held,"fn_showArticle(""AR0125978"", """", ""NT09"", ""L"")"
AR0124762,Tour by Super-light Planes Popular in DPRK,"fn_showArticle(""AR0124762"", """", ""NT19"", ""L"")"
AR0122941,MOU Signed between DPRK and Russia,"fn_showArticle(""AR0122941"", """", ""NT19"", ""L"")"
AR0121949,Masikryong Ski Resort,"fn_showArticle(""AR0121949"", """", ""NT19"", ""L"")"
AR0121709,Tour of Historical Sites in Kangso Area Begins,"fn_showArticle(""AR0121709"", """", ""NT19"", ""L"")"
AR0120090,Scenic Mt Kumgang of Korea,"fn_showArticle(""AR0120090"", """", ""NT19"", ""L"")"
AR0125945,Art Performance Given to Celebrate KCU Founding Anniversary,"fn_showArticle(""AR0125945"", """", ""NT12"", ""L"")"
AR0126318,National Art Exhibition Opens,"fn_showArticle(""AR0126318"", """", ""NT12"", ""L"")"
AR0126163,Piano Concert Held by Students of Kim Won Gyun University of Music,"fn_showArticle(""AR0126163"", """", ""NT12"", ""L"")"
AR0126072,"""Unbangul""-trademarked Musical Instruments Popular in DPRK","fn_showArticle(""AR0126072"", """", ""NT12"", ""L"")"
AR0126135,Supreme Leader Kim Jong Un Sends Condolatory Message to Bereaved Families of Ri Hui Ho,"fn_showArticle(""AR0126135"", """", ""NT00"", ""L"")"
AR0126134,"Supreme Leader Kim Jong Un Sends Condolatory Message and Wreath to Bereaved Families of Ri Hui Ho, Wife of S. Korean Ex-President Kim Dae Jung","fn_showArticle(""AR0126134"", """", ""NT00"", ""L"")"
AR0126098,Supreme Leader Kim Jong Un Sends Greetings to President of Russian Federation,"fn_showArticle(""AR0126098"", """", ""NT00"", ""L"")"
AR0125886,Supreme Leader Kim Jong Un Has Photo Session with Members of Art Groups of KPA Officers' Wives,"fn_showArticle(""AR0125886"", """", ""NT00"", ""L"")"
AR0125876,Supreme Leader Kim Jong Un Congratulates Raul Castro Ruz,"fn_showArticle(""AR0125876"", """", ""NT00"", ""L"")"
AR0125857,Grand Mass Gymnastics and Artistic Performance Opens,"fn_showArticle(""AR0125857"", """", ""NT00"", ""L"")"
AR0126352,Pyongyang Kim Jong Suk Silk Mill,"fn_showArticle(""AR0126352"", """", ""NT41"", ""L"")"
AR0126383,Supreme Leader Kim Jong Un's Care for Satchels,"fn_showArticle(""AR0126383"", """", ""NT41"", ""L"")"
AR0126382,Delegation of DPRK Olympic Committee Leaves for Switzerland,"fn_showArticle(""AR0126382"", """", ""NT41"", ""L"")"
AR0126363,Press Review,"fn_showArticle(""AR0126363"", """", ""NT41"", ""L"")"
AR0126362,Rodong Sinmun on Preserving Juche Character and National Character,"fn_showArticle(""AR0126362"", """", ""NT41"", ""L"")"
AR0126361,Newspapers Warmly Welcome Goodwill Envoy of Fraternal Chinese People,"fn_showArticle(""AR0126361"", """", ""NT41"", ""L"")"
AR0126358,Implementation of June 12 DPRK-U.S. Joint Statement Called for,"fn_showArticle(""AR0126358"", """", ""NT41"", ""L"")"
AR0126357,President Kim Il Sung to Be Remembered in Sweden,"fn_showArticle(""AR0126357"", """", ""NT41"", ""L"")"
AR0126356,Russian Organizations Support June 12 DPRK-U.S. Joint Statement,"fn_showArticle(""AR0126356"", """", ""NT41"", ""L"")"
AR0126355,Chairman Kim Jong Il's Work Introduced in Russia,"fn_showArticle(""AR0126355"", """", ""NT41"", ""L"")"
AR0126354,19th Anniversary of June 15 North-South Joint Declaration Observed in DR Congo,"fn_showArticle(""AR0126354"", """", ""NT41"", ""L"")"
AR0126353,Results of AFC Cup,"fn_showArticle(""AR0126353"", """", ""NT41"", ""L"")"
AR0126351,Russian Orthodox Church Delegation Leaves,"fn_showArticle(""AR0126351"", """", ""NT41"", ""L"")"
AR0126350,"Floral Baskets Laid at Statues of President Kim Il Sung, Chairman Kim Jong Il","fn_showArticle(""AR0126350"", """", ""NT41"", ""L"")"
AR0126349,Delegation of Journalists Union of Korea Leaves for China,"fn_showArticle(""AR0126349"", """", ""NT41"", ""L"")"
AR0126339,Korean Socialism Strong in Juche Character and National Character,"fn_showArticle(""AR0126339"", """", ""NT41"", ""L"")"
AR0126310,"Mt Jongbang, Recreation Ground for People","fn_showArticle(""AR0126310"", """", ""NT41"", ""L"")"
AR0126338,Chairman Kim Jong Il and WPK,"fn_showArticle(""AR0126338"", """", ""NT41"", ""L"")"
AR0126335,Chairman Kim Jong Il's Feats for Party Building,"fn_showArticle(""AR0126335"", """", ""NT41"", ""L"")"
AR0126325,Press Review,"fn_showArticle(""AR0126325"", """", ""NT41"", ""L"")"
AR0126324,Japan's Policy Hostile to DPRK under Fire,"fn_showArticle(""AR0126324"", """", ""NT41"", ""L"")"
AR0126322,Chairman Kim Jong Il's Leadership Exploits for Building Juche-oriented Party Will Be Everlasting: Rodong Sinmun,"fn_showArticle(""AR0126322"", """", ""NT41"", ""L"")"
AR0126321,Ideological Work Is Core Affair for Accomplishing Socialism: Rodong Sinmun,"fn_showArticle(""AR0126321"", """", ""NT41"", ""L"")"
AR0126320,Pyongyang Teacher Training College,"fn_showArticle(""AR0126320"", """", ""NT41"", ""L"")"
AR0126317,Solidarity with Korean People Called for,"fn_showArticle(""AR0126317"", """", ""NT41"", ""L"")"
AR0126316,Chairman Kim Jong Il Lauded Abroad,"fn_showArticle(""AR0126316"", """", ""NT41"", ""L"")"
AR0126315,Annual General Meeting of Paektusan Czech-Korean Friendship Association Held,"fn_showArticle(""AR0126315"", """", ""NT41"", ""L"")"
AR0126318,National Art Exhibition Opens,"fn_showArticle(""AR0126318"", """", ""NT41"", ""L"")"
AR0126284,DPRK Red Cross Society,"fn_showArticle(""AR0126284"", """", ""NT41"", ""L"")"
AR0126314,National Seminar Held,"fn_showArticle(""AR0126314"", """", ""NT41"", ""L"")"
AR0126233,Chief of Pyongyang Mission of AINDF Vows to Thoroughly Implement June 15 Joint Declaration,"fn_showArticle(""AR0126233"", """", ""NT04"", ""L"")"
AR0126222,"Bringing about Heyday of Peace, Prosperity and Reunification Called for","fn_showArticle(""AR0126222"", """", ""NT04"", ""L"")"
AR0125917,National Reunification Institute Issues Detailed Report on Struggle to Dissolve LKP,"fn_showArticle(""AR0125917"", """", ""NT04"", ""L"")"
AR0125557,CPRC Reunification and Agitation Department Exposes Sordid Nature of LKP,"fn_showArticle(""AR0125557"", """", ""NT04"", ""L"")"
AR0125472,KCNA Commentary on Self-destructive Acts of S. Korean Conservatives,"fn_showArticle(""AR0125472"", """", ""NT04"", ""L"")"
AR0125350,"C.C., AINDF Calls for Unity to Eliminate Evil-doing Conservative Forces","fn_showArticle(""AR0125350"", """", ""NT04"", ""L"")"
AR0125232,"KCNA Commentary on LKP's ""North Wind"" Farce in South Korea","fn_showArticle(""AR0125232"", """", ""NT04"", ""L"")"
AR0126382,Delegation of DPRK Olympic Committee Leaves for Switzerland,"fn_showArticle(""AR0126382"", """", ""NT03"", ""L"")"
AR0126358,Implementation of June 12 DPRK-U.S. Joint Statement Called for,"fn_showArticle(""AR0126358"", """", ""NT03"", ""L"")"
AR0126357,President Kim Il Sung to Be Remembered in Sweden,"fn_showArticle(""AR0126357"", """", ""NT03"", ""L"")"
AR0126356,Russian Organizations Support June 12 DPRK-U.S. Joint Statement,"fn_showArticle(""AR0126356"", """", ""NT03"", ""L"")"
AR0126355,Chairman Kim Jong Il's Work Introduced in Russia,"fn_showArticle(""AR0126355"", """", ""NT03"", ""L"")"
AR0126354,19th Anniversary of June 15 North-South Joint Declaration Observed in DR Congo,"fn_showArticle(""AR0126354"", """", ""NT03"", ""L"")"
AR0126351,Russian Orthodox Church Delegation Leaves,"fn_showArticle(""AR0126351"", """", ""NT03"", ""L"")"
AR0126349,Delegation of Journalists Union of Korea Leaves for China,"fn_showArticle(""AR0126349"", """", ""NT03"", ""L"")"
AR0126358,Implementation of June 12 DPRK-U.S. Joint Statement Called for,"fn_showArticle(""AR0126358"", """", ""NT06"", ""L"")"
AR0126357,President Kim Il Sung to Be Remembered in Sweden,"fn_showArticle(""AR0126357"", """", ""NT06"", ""L"")"
AR0126355,Chairman Kim Jong Il's Work Introduced in Russia,"fn_showArticle(""AR0126355"", """", ""NT06"", ""L"")"
AR0126353,Results of AFC Cup,"fn_showArticle(""AR0126353"", """", ""NT06"", ""L"")"
AR0126316,Chairman Kim Jong Il Lauded Abroad,"fn_showArticle(""AR0126316"", """", ""NT06"", ""L"")"
AR0126290,DPRK-U.S. Joint Statement Supported by Personages of Russia and Algeria,"fn_showArticle(""AR0126290"", """", ""NT06"", ""L"")"
AR0126356,Russian Organizations Support June 12 DPRK-U.S. Joint Statement,"fn_showArticle(""AR0126356"", """", ""NT06"", ""L"")"
AR0126354,19th Anniversary of June 15 North-South Joint Declaration Observed in DR Congo,"fn_showArticle(""AR0126354"", """", ""NT06"", ""L"")"
AR0126317,Solidarity with Korean People Called for,"fn_showArticle(""AR0126317"", """", ""NT06"", ""L"")"
AR0126315,Annual General Meeting of Paektusan Czech-Korean Friendship Association Held,"fn_showArticle(""AR0126315"", """", ""NT06"", ""L"")"
AR0126289,President Kim Il Sung to Be Remembered in Kuwait,"fn_showArticle(""AR0126289"", """", ""NT06"", ""L"")"
AR0126222,"Bringing about Heyday of Peace, Prosperity and Reunification Called for","fn_showArticle(""AR0126222"", """", ""NT17"", ""L"")"
AR0125917,National Reunification Institute Issues Detailed Report on Struggle to Dissolve LKP,"fn_showArticle(""AR0125917"", """", ""NT17"", ""L"")"
AR0125884,Fate of DPRK-U.S. Joint Statement: Spokesperson for Ministry of Foreign Affairs of DPRK,"fn_showArticle(""AR0125884"", """", ""NT17"", ""L"")"
AR0125701,"Use of Strength Is Not at All Monopoly of U.S.: Policy Research Director of Institute for American Studies, FM of DPRK","fn_showArticle(""AR0125701"", """", ""NT17"", ""L"")"
AR0125557,CPRC Reunification and Agitation Department Exposes Sordid Nature of LKP,"fn_showArticle(""AR0125557"", """", ""NT17"", ""L"")"
AR0125350,"C.C., AINDF Calls for Unity to Eliminate Evil-doing Conservative Forces","fn_showArticle(""AR0125350"", """", ""NT17"", ""L"")"
AR0124795,Workers in North and South Call for Implementing North-South Declarations,"fn_showArticle(""AR0124795"", """", ""NT17"", ""L"")"
AR0126363,Press Review,"fn_showArticle(""AR0126363"", """", ""NT16"", ""L"")"
AR0126362,Rodong Sinmun on Preserving Juche Character and National Character,"fn_showArticle(""AR0126362"", """", ""NT16"", ""L"")"
AR0126361,Newspapers Warmly Welcome Goodwill Envoy of Fraternal Chinese People,"fn_showArticle(""AR0126361"", """", ""NT16"", ""L"")"
AR0126325,Press Review,"fn_showArticle(""AR0126325"", """", ""NT16"", ""L"")"
AR0126324,Japan's Policy Hostile to DPRK under Fire,"fn_showArticle(""AR0126324"", """", ""NT16"", ""L"")"
AR0126322,Chairman Kim Jong Il's Leadership Exploits for Building Juche-oriented Party Will Be Everlasting: Rodong Sinmun,"fn_showArticle(""AR0126322"", """", ""NT16"", ""L"")"
AR0126321,Ideological Work Is Core Affair for Accomplishing Socialism: Rodong Sinmun,"fn_showArticle(""AR0126321"", """", ""NT16"", ""L"")"
AR0126155,Struggle for Uprooting Deep-Seated Evils Called for in S. Korea,"fn_showArticle(""AR0126155"", """", ""NT02"", ""L"")"
AR0126025,S. Korean Newspaper Sneers at LKP,"fn_showArticle(""AR0126025"", """", ""NT02"", ""L"")"
AR0125877,Struggle for Uprooting Deep-Seated Evils Called for,"fn_showArticle(""AR0125877"", """", ""NT02"", ""L"")"
AR0125732,South Korean Students' Group for Studying Supreme Leader Kim Jong Un to Publish Study Results,"fn_showArticle(""AR0125732"", """", ""NT02"", ""L"")"
AR0125726,Overseas Koreans Call for Setting Up Special Team for Inquiry into Sewol Disaster,"fn_showArticle(""AR0125726"", """", ""NT02"", ""L"")"
AR0125725,Traitor Hwang Kyo An Gets Cold Reception,"fn_showArticle(""AR0125725"", """", ""NT02"", ""L"")"
AR0125707,DPRK's Citizens' Favorite Songs Introduced by S. Korean Newspaper,"fn_showArticle(""AR0125707"", """", ""NT02"", ""L"")"
