AR0126295,Greetings to Seychellois President,http://kcna.kp/kcna.user.article.retrieveNewsViewInfoList.kcmsf?article_code=AR0126295&article_type_list=&news_type_code=NT21&show_what=L&mediaCode=&lang=
AR0126287,Venezuelan City's Highest Order Awarded to Supreme Leader Kim Jong Un,http://kcna.kp/kcna.user.article.retrieveNewsViewInfoList.kcmsf?article_code=AR0126287&article_type_list=&news_type_code=NT21&show_what=L&mediaCode=&lang=
AR0126286,Xi Jinping to Visit DPRK,http://kcna.kp/kcna.user.article.retrieveNewsViewInfoList.kcmsf?article_code=AR0126286&article_type_list=&news_type_code=NT21&show_what=L&mediaCode=&lang=
AR0126281,Kim Jae Ryong Inspects Tokchon Area Coal-Mining Complex,http://kcna.kp/kcna.user.article.retrieveNewsViewInfoList.kcmsf?article_code=AR0126281&article_type_list=&news_type_code=NT21&show_what=L&mediaCode=&lang=
AR0126277,Double-Dealing Tactics Will Never Work: KCNA Commentary,http://kcna.kp/kcna.user.article.retrieveNewsViewInfoList.kcmsf?article_code=AR0126277&article_type_list=&news_type_code=NT21&show_what=L&mediaCode=&lang=
AR0126169,Central Election Guidance Committee Formed in DPRK,http://kcna.kp/kcna.user.article.retrieveNewsViewInfoList.kcmsf?article_code=AR0126169&article_type_list=&news_type_code=NT21&show_what=L&mediaCode=&lang=
AR0126127,Congratulations to President of Kazakhstan,http://kcna.kp/kcna.user.article.retrieveNewsViewInfoList.kcmsf?article_code=AR0126127&article_type_list=&news_type_code=NT21&show_what=L&mediaCode=&lang=
AR0126118,Greetings to Philippine President,http://kcna.kp/kcna.user.article.retrieveNewsViewInfoList.kcmsf?article_code=AR0126118&article_type_list=&news_type_code=NT21&show_what=L&mediaCode=&lang=
AR0126117,"KCNA Commentary Rebukes Japan's Attachment to ""Flag of Rising Sun Shedding Rays""",http://kcna.kp/kcna.user.article.retrieveNewsViewInfoList.kcmsf?article_code=AR0126117&article_type_list=&news_type_code=NT21&show_what=L&mediaCode=&lang=
AR0126091,DPRK Premier Inspects Several Units,http://kcna.kp/kcna.user.article.retrieveNewsViewInfoList.kcmsf?article_code=AR0126091&article_type_list=&news_type_code=NT21&show_what=L&mediaCode=&lang=
AR0126353,Results of AFC Cup,http://kcna.kp/kcna.user.article.retrieveNewsViewInfoList.kcmsf?article_code=AR0126353&article_type_list=&news_type_code=NT21&show_what=L&mediaCode=&lang=
AR0126278,Results of 2018-2019 DPRK Premier Football League (14),http://kcna.kp/kcna.user.article.retrieveNewsViewInfoList.kcmsf?article_code=AR0126278&article_type_list=&news_type_code=NT21&show_what=L&mediaCode=&lang=
AR0126227,Road Relay Held in DPRK,http://kcna.kp/kcna.user.article.retrieveNewsViewInfoList.kcmsf?article_code=AR0126227&article_type_list=&news_type_code=NT21&show_what=L&mediaCode=&lang=
AR0126226,Results of 2018-2019 DPRK Women's Premier Football League (12),http://kcna.kp/kcna.user.article.retrieveNewsViewInfoList.kcmsf?article_code=AR0126226&article_type_list=&news_type_code=NT21&show_what=L&mediaCode=&lang=
AR0126058,Results of 2018-2019 DPRK Premier Football League (13),http://kcna.kp/kcna.user.article.retrieveNewsViewInfoList.kcmsf?article_code=AR0126058&article_type_list=&news_type_code=NT21&show_what=L&mediaCode=&lang=
AR0126283,Pyongyang International Sci-Tech Exhibition of Health and Medical Appliances Opens,http://kcna.kp/kcna.user.article.retrieveNewsViewInfoList.kcmsf?article_code=AR0126283&article_type_list=&news_type_code=NT21&show_what=L&mediaCode=&lang=
AR0125978,Fictions and Models - 2019 Held,http://kcna.kp/kcna.user.article.retrieveNewsViewInfoList.kcmsf?article_code=AR0125978&article_type_list=&news_type_code=NT21&show_what=L&mediaCode=&lang=
AR0124762,Tour by Super-light Planes Popular in DPRK,http://kcna.kp/kcna.user.article.retrieveNewsViewInfoList.kcmsf?article_code=AR0124762&article_type_list=&news_type_code=NT21&show_what=L&mediaCode=&lang=
AR0122941,MOU Signed between DPRK and Russia,http://kcna.kp/kcna.user.article.retrieveNewsViewInfoList.kcmsf?article_code=AR0122941&article_type_list=&news_type_code=NT21&show_what=L&mediaCode=&lang=
AR0121949,Masikryong Ski Resort,http://kcna.kp/kcna.user.article.retrieveNewsViewInfoList.kcmsf?article_code=AR0121949&article_type_list=&news_type_code=NT21&show_what=L&mediaCode=&lang=
AR0121709,Tour of Historical Sites in Kangso Area Begins,http://kcna.kp/kcna.user.article.retrieveNewsViewInfoList.kcmsf?article_code=AR0121709&article_type_list=&news_type_code=NT21&show_what=L&mediaCode=&lang=
AR0120090,Scenic Mt Kumgang of Korea,http://kcna.kp/kcna.user.article.retrieveNewsViewInfoList.kcmsf?article_code=AR0120090&article_type_list=&news_type_code=NT21&show_what=L&mediaCode=&lang=
AR0125945,Art Performance Given to Celebrate KCU Founding Anniversary,http://kcna.kp/kcna.user.article.retrieveNewsViewInfoList.kcmsf?article_code=AR0125945&article_type_list=&news_type_code=NT21&show_what=L&mediaCode=&lang=
AR0126318,National Art Exhibition Opens,http://kcna.kp/kcna.user.article.retrieveNewsViewInfoList.kcmsf?article_code=AR0126318&article_type_list=&news_type_code=NT21&show_what=L&mediaCode=&lang=
AR0126163,Piano Concert Held by Students of Kim Won Gyun University of Music,http://kcna.kp/kcna.user.article.retrieveNewsViewInfoList.kcmsf?article_code=AR0126163&article_type_list=&news_type_code=NT21&show_what=L&mediaCode=&lang=
AR0126072,"""Unbangul""-trademarked Musical Instruments Popular in DPRK",http://kcna.kp/kcna.user.article.retrieveNewsViewInfoList.kcmsf?article_code=AR0126072&article_type_list=&news_type_code=NT21&show_what=L&mediaCode=&lang=
AR0126135,Supreme Leader Kim Jong Un Sends Condolatory Message to Bereaved Families of Ri Hui Ho,http://kcna.kp/kcna.user.article.retrieveNewsViewInfoList.kcmsf?article_code=AR0126135&article_type_list=&news_type_code=NT21&show_what=L&mediaCode=&lang=
AR0126134,"Supreme Leader Kim Jong Un Sends Condolatory Message and Wreath to Bereaved Families of Ri Hui Ho, Wife of S. Korean Ex-President Kim Dae Jung",http://kcna.kp/kcna.user.article.retrieveNewsViewInfoList.kcmsf?article_code=AR0126134&article_type_list=&news_type_code=NT21&show_what=L&mediaCode=&lang=
AR0126098,Supreme Leader Kim Jong Un Sends Greetings to President of Russian Federation,http://kcna.kp/kcna.user.article.retrieveNewsViewInfoList.kcmsf?article_code=AR0126098&article_type_list=&news_type_code=NT21&show_what=L&mediaCode=&lang=
AR0125886,Supreme Leader Kim Jong Un Has Photo Session with Members of Art Groups of KPA Officers' Wives,http://kcna.kp/kcna.user.article.retrieveNewsViewInfoList.kcmsf?article_code=AR0125886&article_type_list=&news_type_code=NT21&show_what=L&mediaCode=&lang=
AR0125876,Supreme Leader Kim Jong Un Congratulates Raul Castro Ruz,http://kcna.kp/kcna.user.article.retrieveNewsViewInfoList.kcmsf?article_code=AR0125876&article_type_list=&news_type_code=NT21&show_what=L&mediaCode=&lang=
AR0125857,Grand Mass Gymnastics and Artistic Performance Opens,http://kcna.kp/kcna.user.article.retrieveNewsViewInfoList.kcmsf?article_code=AR0125857&article_type_list=&news_type_code=NT21&show_what=L&mediaCode=&lang=
AR0126352,Pyongyang Kim Jong Suk Silk Mill,http://kcna.kp/kcna.user.article.retrieveNewsViewInfoList.kcmsf?article_code=AR0126352&article_type_list=&news_type_code=NT21&show_what=L&mediaCode=&lang=
AR0126383,Supreme Leader Kim Jong Un's Care for Satchels,http://kcna.kp/kcna.user.article.retrieveNewsViewInfoList.kcmsf?article_code=AR0126383&article_type_list=&news_type_code=NT21&show_what=L&mediaCode=&lang=
AR0126382,Delegation of DPRK Olympic Committee Leaves for Switzerland,http://kcna.kp/kcna.user.article.retrieveNewsViewInfoList.kcmsf?article_code=AR0126382&article_type_list=&news_type_code=NT21&show_what=L&mediaCode=&lang=
AR0126363,Press Review,http://kcna.kp/kcna.user.article.retrieveNewsViewInfoList.kcmsf?article_code=AR0126363&article_type_list=&news_type_code=NT21&show_what=L&mediaCode=&lang=
AR0126362,Rodong Sinmun on Preserving Juche Character and National Character,http://kcna.kp/kcna.user.article.retrieveNewsViewInfoList.kcmsf?article_code=AR0126362&article_type_list=&news_type_code=NT21&show_what=L&mediaCode=&lang=
AR0126361,Newspapers Warmly Welcome Goodwill Envoy of Fraternal Chinese People,http://kcna.kp/kcna.user.article.retrieveNewsViewInfoList.kcmsf?article_code=AR0126361&article_type_list=&news_type_code=NT21&show_what=L&mediaCode=&lang=
AR0126358,Implementation of June 12 DPRK-U.S. Joint Statement Called for,http://kcna.kp/kcna.user.article.retrieveNewsViewInfoList.kcmsf?article_code=AR0126358&article_type_list=&news_type_code=NT21&show_what=L&mediaCode=&lang=
AR0126357,President Kim Il Sung to Be Remembered in Sweden,http://kcna.kp/kcna.user.article.retrieveNewsViewInfoList.kcmsf?article_code=AR0126357&article_type_list=&news_type_code=NT21&show_what=L&mediaCode=&lang=
AR0126356,Russian Organizations Support June 12 DPRK-U.S. Joint Statement,http://kcna.kp/kcna.user.article.retrieveNewsViewInfoList.kcmsf?article_code=AR0126356&article_type_list=&news_type_code=NT21&show_what=L&mediaCode=&lang=
AR0126355,Chairman Kim Jong Il's Work Introduced in Russia,http://kcna.kp/kcna.user.article.retrieveNewsViewInfoList.kcmsf?article_code=AR0126355&article_type_list=&news_type_code=NT21&show_what=L&mediaCode=&lang=
AR0126354,19th Anniversary of June 15 North-South Joint Declaration Observed in DR Congo,http://kcna.kp/kcna.user.article.retrieveNewsViewInfoList.kcmsf?article_code=AR0126354&article_type_list=&news_type_code=NT21&show_what=L&mediaCode=&lang=
AR0126353,Results of AFC Cup,http://kcna.kp/kcna.user.article.retrieveNewsViewInfoList.kcmsf?article_code=AR0126353&article_type_list=&news_type_code=NT21&show_what=L&mediaCode=&lang=
AR0126351,Russian Orthodox Church Delegation Leaves,http://kcna.kp/kcna.user.article.retrieveNewsViewInfoList.kcmsf?article_code=AR0126351&article_type_list=&news_type_code=NT21&show_what=L&mediaCode=&lang=
AR0126350,"Floral Baskets Laid at Statues of President Kim Il Sung, Chairman Kim Jong Il",http://kcna.kp/kcna.user.article.retrieveNewsViewInfoList.kcmsf?article_code=AR0126350&article_type_list=&news_type_code=NT21&show_what=L&mediaCode=&lang=
AR0126349,Delegation of Journalists Union of Korea Leaves for China,http://kcna.kp/kcna.user.article.retrieveNewsViewInfoList.kcmsf?article_code=AR0126349&article_type_list=&news_type_code=NT21&show_what=L&mediaCode=&lang=
AR0126339,Korean Socialism Strong in Juche Character and National Character,http://kcna.kp/kcna.user.article.retrieveNewsViewInfoList.kcmsf?article_code=AR0126339&article_type_list=&news_type_code=NT21&show_what=L&mediaCode=&lang=
AR0126310,"Mt Jongbang, Recreation Ground for People",http://kcna.kp/kcna.user.article.retrieveNewsViewInfoList.kcmsf?article_code=AR0126310&article_type_list=&news_type_code=NT21&show_what=L&mediaCode=&lang=
AR0126338,Chairman Kim Jong Il and WPK,http://kcna.kp/kcna.user.article.retrieveNewsViewInfoList.kcmsf?article_code=AR0126338&article_type_list=&news_type_code=NT21&show_what=L&mediaCode=&lang=
AR0126335,Chairman Kim Jong Il's Feats for Party Building,http://kcna.kp/kcna.user.article.retrieveNewsViewInfoList.kcmsf?article_code=AR0126335&article_type_list=&news_type_code=NT21&show_what=L&mediaCode=&lang=
AR0126325,Press Review,http://kcna.kp/kcna.user.article.retrieveNewsViewInfoList.kcmsf?article_code=AR0126325&article_type_list=&news_type_code=NT21&show_what=L&mediaCode=&lang=
AR0126324,Japan's Policy Hostile to DPRK under Fire,http://kcna.kp/kcna.user.article.retrieveNewsViewInfoList.kcmsf?article_code=AR0126324&article_type_list=&news_type_code=NT21&show_what=L&mediaCode=&lang=
AR0126322,Chairman Kim Jong Il's Leadership Exploits for Building Juche-oriented Party Will Be Everlasting: Rodong Sinmun,http://kcna.kp/kcna.user.article.retrieveNewsViewInfoList.kcmsf?article_code=AR0126322&article_type_list=&news_type_code=NT21&show_what=L&mediaCode=&lang=
AR0126321,Ideological Work Is Core Affair for Accomplishing Socialism: Rodong Sinmun,http://kcna.kp/kcna.user.article.retrieveNewsViewInfoList.kcmsf?article_code=AR0126321&article_type_list=&news_type_code=NT21&show_what=L&mediaCode=&lang=
AR0126320,Pyongyang Teacher Training College,http://kcna.kp/kcna.user.article.retrieveNewsViewInfoList.kcmsf?article_code=AR0126320&article_type_list=&news_type_code=NT21&show_what=L&mediaCode=&lang=
AR0126317,Solidarity with Korean People Called for,http://kcna.kp/kcna.user.article.retrieveNewsViewInfoList.kcmsf?article_code=AR0126317&article_type_list=&news_type_code=NT21&show_what=L&mediaCode=&lang=
AR0126316,Chairman Kim Jong Il Lauded Abroad,http://kcna.kp/kcna.user.article.retrieveNewsViewInfoList.kcmsf?article_code=AR0126316&article_type_list=&news_type_code=NT21&show_what=L&mediaCode=&lang=
AR0126315,Annual General Meeting of Paektusan Czech-Korean Friendship Association Held,http://kcna.kp/kcna.user.article.retrieveNewsViewInfoList.kcmsf?article_code=AR0126315&article_type_list=&news_type_code=NT21&show_what=L&mediaCode=&lang=
AR0126318,National Art Exhibition Opens,http://kcna.kp/kcna.user.article.retrieveNewsViewInfoList.kcmsf?article_code=AR0126318&article_type_list=&news_type_code=NT21&show_what=L&mediaCode=&lang=
AR0126284,DPRK Red Cross Society,http://kcna.kp/kcna.user.article.retrieveNewsViewInfoList.kcmsf?article_code=AR0126284&article_type_list=&news_type_code=NT21&show_what=L&mediaCode=&lang=
AR0126314,National Seminar Held,http://kcna.kp/kcna.user.article.retrieveNewsViewInfoList.kcmsf?article_code=AR0126314&article_type_list=&news_type_code=NT21&show_what=L&mediaCode=&lang=
AR0126233,Chief of Pyongyang Mission of AINDF Vows to Thoroughly Implement June 15 Joint Declaration,http://kcna.kp/kcna.user.article.retrieveNewsViewInfoList.kcmsf?article_code=AR0126233&article_type_list=&news_type_code=NT21&show_what=L&mediaCode=&lang=
AR0126222,"Bringing about Heyday of Peace, Prosperity and Reunification Called for",http://kcna.kp/kcna.user.article.retrieveNewsViewInfoList.kcmsf?article_code=AR0126222&article_type_list=&news_type_code=NT21&show_what=L&mediaCode=&lang=
AR0125917,National Reunification Institute Issues Detailed Report on Struggle to Dissolve LKP,http://kcna.kp/kcna.user.article.retrieveNewsViewInfoList.kcmsf?article_code=AR0125917&article_type_list=&news_type_code=NT21&show_what=L&mediaCode=&lang=
AR0125557,CPRC Reunification and Agitation Department Exposes Sordid Nature of LKP,http://kcna.kp/kcna.user.article.retrieveNewsViewInfoList.kcmsf?article_code=AR0125557&article_type_list=&news_type_code=NT21&show_what=L&mediaCode=&lang=
AR0125472,KCNA Commentary on Self-destructive Acts of S. Korean Conservatives,http://kcna.kp/kcna.user.article.retrieveNewsViewInfoList.kcmsf?article_code=AR0125472&article_type_list=&news_type_code=NT21&show_what=L&mediaCode=&lang=
AR0125350,"C.C., AINDF Calls for Unity to Eliminate Evil-doing Conservative Forces",http://kcna.kp/kcna.user.article.retrieveNewsViewInfoList.kcmsf?article_code=AR0125350&article_type_list=&news_type_code=NT21&show_what=L&mediaCode=&lang=
AR0125232,"KCNA Commentary on LKP's ""North Wind"" Farce in South Korea",http://kcna.kp/kcna.user.article.retrieveNewsViewInfoList.kcmsf?article_code=AR0125232&article_type_list=&news_type_code=NT21&show_what=L&mediaCode=&lang=
AR0126382,Delegation of DPRK Olympic Committee Leaves for Switzerland,http://kcna.kp/kcna.user.article.retrieveNewsViewInfoList.kcmsf?article_code=AR0126382&article_type_list=&news_type_code=NT21&show_what=L&mediaCode=&lang=
AR0126358,Implementation of June 12 DPRK-U.S. Joint Statement Called for,http://kcna.kp/kcna.user.article.retrieveNewsViewInfoList.kcmsf?article_code=AR0126358&article_type_list=&news_type_code=NT21&show_what=L&mediaCode=&lang=
AR0126357,President Kim Il Sung to Be Remembered in Sweden,http://kcna.kp/kcna.user.article.retrieveNewsViewInfoList.kcmsf?article_code=AR0126357&article_type_list=&news_type_code=NT21&show_what=L&mediaCode=&lang=
AR0126356,Russian Organizations Support June 12 DPRK-U.S. Joint Statement,http://kcna.kp/kcna.user.article.retrieveNewsViewInfoList.kcmsf?article_code=AR0126356&article_type_list=&news_type_code=NT21&show_what=L&mediaCode=&lang=
AR0126355,Chairman Kim Jong Il's Work Introduced in Russia,http://kcna.kp/kcna.user.article.retrieveNewsViewInfoList.kcmsf?article_code=AR0126355&article_type_list=&news_type_code=NT21&show_what=L&mediaCode=&lang=
AR0126354,19th Anniversary of June 15 North-South Joint Declaration Observed in DR Congo,http://kcna.kp/kcna.user.article.retrieveNewsViewInfoList.kcmsf?article_code=AR0126354&article_type_list=&news_type_code=NT21&show_what=L&mediaCode=&lang=
AR0126351,Russian Orthodox Church Delegation Leaves,http://kcna.kp/kcna.user.article.retrieveNewsViewInfoList.kcmsf?article_code=AR0126351&article_type_list=&news_type_code=NT21&show_what=L&mediaCode=&lang=
AR0126349,Delegation of Journalists Union of Korea Leaves for China,http://kcna.kp/kcna.user.article.retrieveNewsViewInfoList.kcmsf?article_code=AR0126349&article_type_list=&news_type_code=NT21&show_what=L&mediaCode=&lang=
AR0126358,Implementation of June 12 DPRK-U.S. Joint Statement Called for,http://kcna.kp/kcna.user.article.retrieveNewsViewInfoList.kcmsf?article_code=AR0126358&article_type_list=&news_type_code=NT21&show_what=L&mediaCode=&lang=
AR0126357,President Kim Il Sung to Be Remembered in Sweden,http://kcna.kp/kcna.user.article.retrieveNewsViewInfoList.kcmsf?article_code=AR0126357&article_type_list=&news_type_code=NT21&show_what=L&mediaCode=&lang=
AR0126355,Chairman Kim Jong Il's Work Introduced in Russia,http://kcna.kp/kcna.user.article.retrieveNewsViewInfoList.kcmsf?article_code=AR0126355&article_type_list=&news_type_code=NT21&show_what=L&mediaCode=&lang=
AR0126353,Results of AFC Cup,http://kcna.kp/kcna.user.article.retrieveNewsViewInfoList.kcmsf?article_code=AR0126353&article_type_list=&news_type_code=NT21&show_what=L&mediaCode=&lang=
AR0126316,Chairman Kim Jong Il Lauded Abroad,http://kcna.kp/kcna.user.article.retrieveNewsViewInfoList.kcmsf?article_code=AR0126316&article_type_list=&news_type_code=NT21&show_what=L&mediaCode=&lang=
AR0126290,DPRK-U.S. Joint Statement Supported by Personages of Russia and Algeria,http://kcna.kp/kcna.user.article.retrieveNewsViewInfoList.kcmsf?article_code=AR0126290&article_type_list=&news_type_code=NT21&show_what=L&mediaCode=&lang=
AR0126356,Russian Organizations Support June 12 DPRK-U.S. Joint Statement,http://kcna.kp/kcna.user.article.retrieveNewsViewInfoList.kcmsf?article_code=AR0126356&article_type_list=&news_type_code=NT21&show_what=L&mediaCode=&lang=
AR0126354,19th Anniversary of June 15 North-South Joint Declaration Observed in DR Congo,http://kcna.kp/kcna.user.article.retrieveNewsViewInfoList.kcmsf?article_code=AR0126354&article_type_list=&news_type_code=NT21&show_what=L&mediaCode=&lang=
AR0126317,Solidarity with Korean People Called for,http://kcna.kp/kcna.user.article.retrieveNewsViewInfoList.kcmsf?article_code=AR0126317&article_type_list=&news_type_code=NT21&show_what=L&mediaCode=&lang=
AR0126315,Annual General Meeting of Paektusan Czech-Korean Friendship Association Held,http://kcna.kp/kcna.user.article.retrieveNewsViewInfoList.kcmsf?article_code=AR0126315&article_type_list=&news_type_code=NT21&show_what=L&mediaCode=&lang=
AR0126289,President Kim Il Sung to Be Remembered in Kuwait,http://kcna.kp/kcna.user.article.retrieveNewsViewInfoList.kcmsf?article_code=AR0126289&article_type_list=&news_type_code=NT21&show_what=L&mediaCode=&lang=
AR0126222,"Bringing about Heyday of Peace, Prosperity and Reunification Called for",http://kcna.kp/kcna.user.article.retrieveNewsViewInfoList.kcmsf?article_code=AR0126222&article_type_list=&news_type_code=NT21&show_what=L&mediaCode=&lang=
AR0125917,National Reunification Institute Issues Detailed Report on Struggle to Dissolve LKP,http://kcna.kp/kcna.user.article.retrieveNewsViewInfoList.kcmsf?article_code=AR0125917&article_type_list=&news_type_code=NT21&show_what=L&mediaCode=&lang=
AR0125884,Fate of DPRK-U.S. Joint Statement: Spokesperson for Ministry of Foreign Affairs of DPRK,http://kcna.kp/kcna.user.article.retrieveNewsViewInfoList.kcmsf?article_code=AR0125884&article_type_list=&news_type_code=NT21&show_what=L&mediaCode=&lang=
AR0125701,"Use of Strength Is Not at All Monopoly of U.S.: Policy Research Director of Institute for American Studies, FM of DPRK",http://kcna.kp/kcna.user.article.retrieveNewsViewInfoList.kcmsf?article_code=AR0125701&article_type_list=&news_type_code=NT21&show_what=L&mediaCode=&lang=
AR0125557,CPRC Reunification and Agitation Department Exposes Sordid Nature of LKP,http://kcna.kp/kcna.user.article.retrieveNewsViewInfoList.kcmsf?article_code=AR0125557&article_type_list=&news_type_code=NT21&show_what=L&mediaCode=&lang=
AR0125350,"C.C., AINDF Calls for Unity to Eliminate Evil-doing Conservative Forces",http://kcna.kp/kcna.user.article.retrieveNewsViewInfoList.kcmsf?article_code=AR0125350&article_type_list=&news_type_code=NT21&show_what=L&mediaCode=&lang=
AR0124795,Workers in North and South Call for Implementing North-South Declarations,http://kcna.kp/kcna.user.article.retrieveNewsViewInfoList.kcmsf?article_code=AR0124795&article_type_list=&news_type_code=NT21&show_what=L&mediaCode=&lang=
AR0126363,Press Review,http://kcna.kp/kcna.user.article.retrieveNewsViewInfoList.kcmsf?article_code=AR0126363&article_type_list=&news_type_code=NT21&show_what=L&mediaCode=&lang=
AR0126362,Rodong Sinmun on Preserving Juche Character and National Character,http://kcna.kp/kcna.user.article.retrieveNewsViewInfoList.kcmsf?article_code=AR0126362&article_type_list=&news_type_code=NT21&show_what=L&mediaCode=&lang=
AR0126361,Newspapers Warmly Welcome Goodwill Envoy of Fraternal Chinese People,http://kcna.kp/kcna.user.article.retrieveNewsViewInfoList.kcmsf?article_code=AR0126361&article_type_list=&news_type_code=NT21&show_what=L&mediaCode=&lang=
AR0126325,Press Review,http://kcna.kp/kcna.user.article.retrieveNewsViewInfoList.kcmsf?article_code=AR0126325&article_type_list=&news_type_code=NT21&show_what=L&mediaCode=&lang=
AR0126324,Japan's Policy Hostile to DPRK under Fire,http://kcna.kp/kcna.user.article.retrieveNewsViewInfoList.kcmsf?article_code=AR0126324&article_type_list=&news_type_code=NT21&show_what=L&mediaCode=&lang=
AR0126322,Chairman Kim Jong Il's Leadership Exploits for Building Juche-oriented Party Will Be Everlasting: Rodong Sinmun,http://kcna.kp/kcna.user.article.retrieveNewsViewInfoList.kcmsf?article_code=AR0126322&article_type_list=&news_type_code=NT21&show_what=L&mediaCode=&lang=
AR0126321,Ideological Work Is Core Affair for Accomplishing Socialism: Rodong Sinmun,http://kcna.kp/kcna.user.article.retrieveNewsViewInfoList.kcmsf?article_code=AR0126321&article_type_list=&news_type_code=NT21&show_what=L&mediaCode=&lang=
AR0126155,Struggle for Uprooting Deep-Seated Evils Called for in S. Korea,http://kcna.kp/kcna.user.article.retrieveNewsViewInfoList.kcmsf?article_code=AR0126155&article_type_list=&news_type_code=NT21&show_what=L&mediaCode=&lang=
AR0126025,S. Korean Newspaper Sneers at LKP,http://kcna.kp/kcna.user.article.retrieveNewsViewInfoList.kcmsf?article_code=AR0126025&article_type_list=&news_type_code=NT21&show_what=L&mediaCode=&lang=
AR0125877,Struggle for Uprooting Deep-Seated Evils Called for,http://kcna.kp/kcna.user.article.retrieveNewsViewInfoList.kcmsf?article_code=AR0125877&article_type_list=&news_type_code=NT21&show_what=L&mediaCode=&lang=
AR0125732,South Korean Students' Group for Studying Supreme Leader Kim Jong Un to Publish Study Results,http://kcna.kp/kcna.user.article.retrieveNewsViewInfoList.kcmsf?article_code=AR0125732&article_type_list=&news_type_code=NT21&show_what=L&mediaCode=&lang=
AR0125726,Overseas Koreans Call for Setting Up Special Team for Inquiry into Sewol Disaster,http://kcna.kp/kcna.user.article.retrieveNewsViewInfoList.kcmsf?article_code=AR0125726&article_type_list=&news_type_code=NT21&show_what=L&mediaCode=&lang=
AR0125725,Traitor Hwang Kyo An Gets Cold Reception,http://kcna.kp/kcna.user.article.retrieveNewsViewInfoList.kcmsf?article_code=AR0125725&article_type_list=&news_type_code=NT21&show_what=L&mediaCode=&lang=
AR0125707,DPRK's Citizens' Favorite Songs Introduced by S. Korean Newspaper,http://kcna.kp/kcna.user.article.retrieveNewsViewInfoList.kcmsf?article_code=AR0125707&article_type_list=&news_type_code=NT21&show_what=L&mediaCode=&lang=
