Birmingham,Alabama Mineral & Lapidary Society,http://www.lapidaryclub.com/,Alabama 
Dothan,Dothan Gem & Mineral Club,http://www.wiregrassrockhounds.com/,Alabama 
Huntsville,Huntsville Gem and Mineral Society,http://huntsvillegms.org/,Alabama 
Mobile,Mobile Rock & Gem Society,http://www.mobilerockandgem.com/,Alabama 
Montgomery,Montgomery Gem & Mineral Society,http://montgomerygemandmineralsociety.com/mgms/,Alabama 
Anchorage,Chugach Gem & Mineral Society,http://www.chugachgemandmineralsociety.com/,Alaska 
Palmer,Mat-Su Rock and Mineral Club,http://matsurockclub.com/,Alaska 
Apache Junction,Apache Junction Rock and Gem Club,http://www.ajrockclub.com/,Arizona 
Black Canyon City,Black Canyon City Rock Club,http://www.bccrockclub.mysite.com/,Arizona 
Anthem,Daisy Mountain Rock & Mineral Club,http://www.dmrmc.com/,Arizona 
Miami,Gila County Gem & Mineral Society,http://gilagem.org/,Arizona 
Sierra Vista,Huachuca Mineral and Gem Club,http://www.huachucamineralandgemclub.info/,Arizona 
Lake Havasu City,Lake Havasu Gem & Mineral Society,http://www.lakehavasugms.org/,Arizona 
Scottsdale,Mineralogical Society of Arizona,http://www.msaaz.org/,Arizona 
Cottonwood,Mingus Gem & Mineral Club,http://www.mingusclub.org/,Arizona 
Kingman,Mohave County Gemstoners,http://www.gemstoners.org/,Arizona 
Tucson,Old Pueblo Lapidary Club,http://www.lapidaryclub.org/,Arizona 
Prescott Valley,Prescott Gem & Mineral Club,http://www.prescottgemmineral.org/,Arizona 
Quartzsite,Quartzsite Roadrunners Gem & Mineral Club,http://www.qrgmc.org/,Arizona 
Phoenix,Rockhounds West,http://rockhounds.scwclubs.com/,Arizona 
Sedona,Sedona Gem & Mineral Club,http://www.sedonagemandmineral.org/,Arizona 
Bullhead City,Silvery Colorado River Rock Club,http://scrrc.blogspot.com/,Arizona 
Pearce,Sunsites Gem and Mineral Club,https://sites.google.com/site/cochisecountyrock/,Arizona 
Tucson,Tucson Gem and Mineral Society,http://www.tgms.org/,Arizona 
Cottonwood,Verde River Rockhounds,http://www.verderiverrockhounds.com/,Arizona 
Buckeye,West Valley Rock & Mineral Club,http://www.westvalleyrockandmineralclub.com/,Arizona 
Show Low,White Mountain Gem & Mineral Club,http://whitemountain-azrockclub.org/,Arizona 
Wickenburg,Wickenburg Gem and Mineral Society,http://www.wickenburggms.org/,Arizona 
Little Rock,"Central Arkansas Gem, Mineral and Geology Society",http://www.centralarrockhound.org/,Arkansas 
Siloam Springs,Northwest Arkansas Gem & Mineral Society,http://www.nwarockhounds.org/,Arkansas 
Mountain Home,"Ozark Earth Science Gem, Mineral & Fossil Club",https://www.ozarkearthscience.com/,Arkansas 
Sutter Creek,Amador County Gem & Mineral Society,http://www.amadorgemandmineral.org/,California 
Anaheim,American Opal Society,http://www.opalsociety.org/,California 
Lancaster,Antelope Valley Gem and Mineral Club,http://avgem.weebly.com/,California 
Antioch,Antioch Lapidary Club,http://www.antiochlapidaryclub.com/,California 
Borrego Springs,Borrego Rock and Gem Club,http://www.abdnha.org/bragclub.html,California 
Angels Camp,Calaveras Gem & Mineral Society,http://www.calaverasgemandmineral.org/,California 
Pacific Grove,Carmel Valley Gem and Mineral Society,http://www.cvgms.rocks/,California 
San Luis Obispo,Central Coast Treasure Hunters Association,http://www.cctha.org/,California 
Coalinga,Coalinga Rockhound Society,https://sites.google.com/site/coalingarockhounds/,California 
Thousand Oaks,Conejo Gem & Mineral Club,http://www.cgamc.org/,California 
Concord,Contra Costa Mineral & Gem Society,http://www.ccmgs.org/,California 
Culver City,The Culver City Rock and Mineral Club,http://culvercityrocks.org/,California 
Northridge,Del Air Rockhounds Club,http://delairrockhounds.blogspot.com/,California 
Bellflower,Delvers Gem & Mineral Society,https://delversgemclub.wordpress.com/,California 
El Cajon,El Cajon Valley Gem & Mineral Society,http://www.ecvgms.org/,California 
Placerville,El Dorado County Mineral and Gem Society,http://www.eldoradomineralandgem.org/,California 
Buena Park,Faceters Guild of Southern California,http://www.fgosc.com/,California 
Fallbrook,"Fallbrook Gem and Mineral Society, Inc.",http://www.fgms.org/FGMS/Home.html,California 
Oroville,Feather River Lapidary & Mineral Society,http://www.featherriverrocks.org/,California 
Yucca Valley,First Class Miners,http://www.firstclassminers.org/,California 
North Highlands,"Fossils for Fun Society, Inc.",https://www.facebook.com/The-Fossils-for-Fun-Society-994879667246272/,California 
Fresno,Fresno Gem & Mineral Society,http://fgms.us/,California 
Placerville,Gold Country Treasure Seekers,https://goldcountrytreasureseekers.shutterfly.com/,California 
Yucca Valley,Hi-Desert Rockhounds of Morongo Valley,http://www.hi-desertrockhounds.org/,California 
Ridgecrest,Indian Wells Valley Gem & Mineral Society,http://indianwells.weebly.com/,California 
Bakersfield,Kern County Mineral Society,http://kerncountymineralsociety.org/,California 
Lemoore,Lemoore Gem and Mineral Club,https://www.facebook.com/Lemoore-Gem-and-Mineral-Club-706220872829687/,California 
Livermore,Livermore Valley Lithophiles,http://www.lithophiles.com/,California 
Lone Pine,Line Pine Gem & Mieral Society,http://lpgms.org/,California 
Mariposa,Mariposa Gem & Mineral Club,http://mariposagmc.org/,California 
Hayward,Mineral & Gem Society of Castro Valley,http://www.mgscv.org/,California 
Pasadena,Mineralogical Society of Southern California,http://www.mineralsocal.org/,California 
Barstow,Mojave Desert Gem & Mineral Society,http://www.mdgms.net/,California 
Monrovia,Monrovia Rock Hounds Inc.,http://www.moroks.com/,California 
Modesto,Mother Lode Mineral Society,http://www.motherlodemineralsociety.com/,California 
Mohave Valley,Needles Gem & Mineral Club,http://needlesgemmineralclub.blogspot.com/,California 
Grass Valley,Nevada County Gem & Mineral Society,http://www.ncgms.org/,California 
Orinda,Northern California Geological Society,http://www.ncgeolsoc.org/,California 
La Habra,North Orange County Gem & Mineral Society,http://www.nocgms.com/,California 
San Bernardino,Orange Belt Mineralogical Society,http://obmsrocks.yolasite.com/,California 
Santa Maria,Orcutt Mineral Society,http://www.omsinc.org/,California 
Oxnard,Oxnard Gem & Mineral Society,http://oxnardgem.com/home/,California 
Palmdale,Palmdale Gem & Mineral Club,https://www.facebook.com/palmdalegemandmineralclub/,California 
Escondido,Palomar Gem & Mineral Club,http://palomargem.org/,California 
Rolling Hills Estates,Palos Verdes Gem & Mineral Society,http://www.palos-verdes-gem-and-mineral-society.org/,California 
Paradise,Paradise Gem & Mineral Club,http://www.paradisegem.org/,California 
Pasadena,Pasadena Lapidary Society,http://www.pasadenalapidarysociety.org/,California 
Los Altos,"Peninsula Gem & Geology Society, Inc.",http://pggs.org/,California 
Roseville,Roseville Rock Rollers,http://www.rockrollers.com/,California 
Brea,Route 66 Gold Miners Inc,http://www.route66goldminers.org/,California 
Sacramento,Sacramento Mineral Society,http://www.sacramentomineralsociety.org/,California 
North Highlands,Sacramento Valley Detecting Buffs,http://www.sacramentovalleydetectingbuffs.com/,California 
Salinas,Salinas Valley Rock and Gem Club,https://salinasrockandgem.pagecloud.com/,California 
San Diego,San Diego Gem and Mineral Society,http://www.sdmg.org/,California 
San Diego,San Diego Lapidary Society,http://sandiegolapidarysociety.org/,California 
San Francisco,"San Francisco Gem and Mineral Society, Inc.",http://www.sfgms.org/,California 
Bakersfield,San Joaquin Valley Lapidary Society,http://sjvls.blogspot.com/,California 
San Luis Obispo,San Luis Obispo Gem & Mineral Club,http://www.slogem.org/,California 
Santa Ana,"Santa Ana Rock & Mineral Club, Inc.",http://www.sarmclub.org/,California 
San Jose,Santa Clara Valley Gem & Mineral Society,http://www.scvgms.org/,California 
Santa Cruz,Santa Cruz Mineral and Gem Society,https://www.facebook.com/scmgs/,California 
Paso Robles,Santa Lucia Rockhounds,http://www.slrockhounds.org/,California 
Santa Rosa,"Santa Rosa Mineral And Gem Society, Inc.",http://www.srmgs.org/,California 
Anaheim,Searchers Gem and Mineral Society,https://www.searchersrocks.org/,California 
Trona,"Searles Lake Gem and Mineral Society, Inc.",http://www1.iwvisp.com/tronagemclub/,California 
Redwood City,Sequoia Gem and Mineral Society,http://www.sequoiagemandmineralsociety.org/,California 
Palm Springs,Shadow Mountain Gem & Mineral Society,http://www.shadowmountaingemmineral.org/,California 
Redding,Shasta Gem & Mineral Society,http://www.shastagemandmineral.com/,California 
Newhall,Sierra Pelona Rock Club,http://www.sierrapelona.com/,California 
Torrance,South Bay Lapidary & Mineral Society,https://southbaylapidaryandmineralsociety.com/,California 
San Clemente,South Orange County Gem & Mineral Society,https://www.facebook.com/South-Orange-County-Gem-Mineral-Society-255366124502612/,California 
Los Angeles,Southern California Paleontological Society,http://socalpaleo.com/,California 
Stockton,Stockton Lapidary & Mineral Club,http://www.stocktonlapidary.com/,California 
Marysville,Sutter Buttes Gem & Mineral Society,https://sutterbuttesgemmin.org/,California 
Tehachapi,Tehachapi Valley Gem & Mineral Society,http://www.tvgms.org/,California 
Farmersville,Tule Gem and Mineral Society,http://www.tulegem.com/,California 
Vallejo,Vallejo Gem & Mineral Society,http://www.vjgems.org/,California 
San Bernardino,"Valley Prospectors, Inc.",https://www.valleyprospectors.com/,California 
Ventura,"Ventura Gem & Mineral Society, Inc",http://vgms.org/,California 
Victorville,Victor Valley Gem and Mineral Club,http://www.vvgmc.org/,California 
Vista,Vista Gem & Mineral Society,http://www.vistarocks.org/,California 
Garden Grove,West Coast Prospectors & Treasure Hunters Association,http://westcoasters.org/,California 
Norco,West End Prospectors Corporation,http://www.wepcgold.com,California 
Whittier,"Whittier Gem and Mineral Society, Inc.",http://wgmsca.com/index.html,California 
San Fernando Valley,"Woodland Hills Rock Chippers, Inc.",http://www.rockchippers.org/,California 
Yucaipa,Yucaipa Valley Gem & Mineral Society,http://www.yvgms.org/wiki/,California 
Canon City,Canon City Geology Club,http://www.canoncitygeologyclub.com/,Colorado 
Frisco,Colorado Gold Camp,http://coloradogoldcamp.com/,Colorado 
Lakewood,Colorado Mineral Society,http://www.coloradomineralsociety.org/,Colorado 
Alamosa,Colorado Prospector,http://www.coloradoprospector.com/,Colorado 
Colorado Springs,Colorado Springs Mineral Society,http://www.csms1936.com/,Colorado 
Salida,Columbine Gem and Mineral Society,http://rockaholics.org/,Colorado 
Denver,Denver Gem and Mineral Guild,http://denvergem.org/index.html,Colorado 
Boulder,Flatirons Mineral Club,http://flatironsmineralclub.org/,Colorado 
Fort Collins,Fort Collins Rockhounds,http://www.fortcollinsrockhounds.org/,Colorado 
Durango,Four Corners Gem & Mineral Club,http://www.durangorocks.org/,Colorado 
Denver,Friends of Mineralogy - Colorado Chapter ,http://friendsofmineralogycolorado.org/,Colorado 
Grand Junction,Grand Junction Gem & Mineral Club,http://www.grandjunctionrockclub.org/,Colorado 
Lake George,Lake George Gem & Mineral club,http://www.lggmclub.org/,Colorado 
Littleton,"Littleton Gem and Mineral Club, Inc.",http://littletongemandmineralclub.com/,Colorado 
Arvada,Mile High Rock and Mineral Society,http://www.milehirams.com/,Colorado 
Arvada,North Jeffco Gem & Mineral Club,http://www.peaktopeak.com/njeffco/index.php,Colorado 
Pueblo,Pueblo Rockhounds,http://www.pueblorockhounds.org/,Colorado 
Denver,Western Interior Paleontological Society,http://www.westernpaleo.org/,Colorado 
Bristol,Bristol Gem & Mineral Club,http://bristolgem.org/,Connecticut 
Danbury,Danbury Mineralogical Society,http://danburymineralogicalsociety.weebly.com/,Connecticut 
Meriden,Lapidary and Mineral Society of Central Connecticut,http://www.lmscc.org/,Connecticut 
New Haven,New Haven Mineral Club,http://www.newhavenmineralclub.org/,Connecticut 
Stamford,Stamford Mineralogical Society,http://www.stamfordmineralsociety.org/,Connecticut 
Wilmington,"Delaware Mineralogical Society, Inc.",http://www.delminsociety.net/,Delaware 
Melbourne,Canaveral Mineral & Gem Society,http://www.canaveral-mgs.com/,Florida 
Merritt Island,Central Brevard Rock and Gem Club,http://www.centralbrevardgems.org/,Florida 
Winter Park,Central Florida Mineral and Gem Society,http://www.cfmgs.org/,Florida 
Orlando,Florida Fossil Hunters,http://floridafossilhunters.com/,Florida 
Hollywood,Florida Gold Coast Gem & Mineral Society,http://fgcgms.com/main/,Florida 
Ft. Myers,Fossil Club of Lee County,http://www.fcolc.com/,Florida 
Gainesville,Gainesville Gem & Mineral Society,http://gainesvillegms.weebly.com/,Florida 
West Palm Beach,Gem and Mineral Society of the Palm Beaches,http://www.gemandmineralsociety.org/,Florida 
Lakeland,"Imperial Bone Valley Gem, Mineral, & Fossil Society",http://www.bonevalley.net/,Florida 
Jacksonville,"Jacksonville Gem and Mineral Society, Inc.",http://www.jaxgemandmineral.org/,Florida 
Miami,"Miami Mineralogical and Lapidary Guild, Inc.",http://www.mmlg-inc.org/,Florida 
Ft. Walton Beach,Playground Gem and Mineral Society,http://playgroundgem.org/,Florida 
Punta Gorda,Southwest Florida Fossil Society,http://www.southwestfloridafossilsociety.org/,Florida 
Port St Lucie,St Lucie County Rock and Gem Club,http://www.slcrockandgem.org/,Florida 
St Petersburg,Suncoast Gem and Mineral Society,http://sgams.com/,Florida 
Palm Harbor,Tampa Bay Fossil Club,http://www.tampabayfossilclub.com/,Florida 
Tampa,"Tampa Bay Mineral & Science Club, Inc.",http://www.tampabayrockclub.com/,Florida 
The Villages,The Villages Gem and Mineral Society,http://www.thevillagesgemandmineralsociety.com/,Florida 
Palm Coast,Tomoka Faceters Guild,http://www.tomokafacetersguild.org/index.html,Florida 
Spring Hill,Withlacoochee Rockhounds,http://www.withlacoocheerockhounds.com/,Florida 
Athens,Athens Rock and Gem Club,http://www.athensrockandgemclub.org/,Georgia 
Augusta,Augusta Gem & Mineral Society,http://agams.club/,Georgia 
Marietta,Cobb County Gem and Mineral Society,https://www.ccgms.org/,Georgia 
Norcross,"Georgia Mineral Society, Inc.",http://www.gamineral.org/,Georgia 
Macon,Mid-Georgia Gem and Mineral Society,http://midgagmsorg.ipage.com/,Georgia 
Rome,Rome Georgia Mineral Society Inc.,https://rogams.wordpress.com/,Georgia 
Honolulu,"Hui Pohaku 'O Hawai'i Rock & Mineral Society of Hawai'i, Inc.",http://pohakugalore.net/Hui_pohaku/Hiu_pohaku_1.html,Hawaii 
Lewiston,"Hells Canyon Gem Club, Inc.",http://www.hellscanyongemclub.com/,Idaho 
Idaho Falls,Idaho Falls Gem & Mineral Society,http://ifgemmineral.weebly.com/,Idaho 
Boise,"Idaho Gem Club, Inc.",http://www.idahogemclub.com/,Idaho 
Twin Falls,Magic Valley Gem Club,http://magicvalleygemclub.org/,Idaho 
Coeur d'Alene,North Idaho Mineral Club,http://www.northidahomineralclub.com/,Idaho 
Caldwell,Owyhee Gem & Mineral Society,http://www.owyheerocks.com/,Idaho 
Oldtown,Pend Oreille Rock and Gem Club,https://pendoreillerockandgemclub.wordpress.com/,Idaho 
Boise,Southeast Idaho Gem and Mineral Society,https://www.facebook.com/SEIGMS,Idaho 
Rock Island,Black Hawk Gem & Mineral Club,http://www.blackhawkgemandmineralclub.com/,Illinois 
Decatur,Central Illinois Gem & Mineral Club,http://rmkapta.wixsite.com/cigmc,Illinois 
Skokie,Chicago Rocks & Minerals Society,http://www.chicagorocks.org/,Illinois 
Elgin,Elgin Rock Club,http://elginrockclub.org/,Illinois 
Macomb,"Geodeland Earth Science Clubs, Inc.",http://www.geodeland.com/,Illinois 
Springfield,Lincoln Orbit Earth Science Society,http://www.loess.org/,Illinois 
Chicago,Midwest Historical Research Society,http://www.mhrsusa.com/,Illinois 
Freeport,Northwest Illinois Rock Club,http://nwilrockclubfrpt.blogspot.com/,Illinois 
Peoria,Peoria Academy of Science Geology Section,http://www.pasgeology.com/,Illinois 
Benton,Southern Illinois Earth Science Club,http://www.siesclub.org/,Illinois 
Macomb,West Central Illinois Rock & Mineral Club,http://www.rockchatter.com/,Illinois 
Elmhurst,West Suburban Lapidary Club,http://www.westsuburbanlapidaryclub.com/,Illinois 
Indianapolis,500 Earth Sciences Club,http://www.500earthsciencesclub.org/,Indiana 
Nashville,Brown County Rock and Mineral Club,http://browncountyrock.webs.com/,Indiana 
Crown Point,Calumet Gem & Mineral Society,https://www.facebook.com/calumetrockclub,Indiana 
Evansville,Evansville Lapidary Society,http://evansvillelapidarysociety.tumblr.com/,Indiana 
Richmond,"Eastern Indiana Gem & Geological Society, Inc.",http://eiggs.weebly.com/,Indiana 
Bedford,"Lawrence County Rock Club, Inc",http://www.lawrencecountyrockclub.org/,Indiana 
South Bend,"Michiana Gem & Mineral Society, Inc.",http://www.michianagms.org/,Indiana 
Fort Wayne,Three Rivers Gem & Mineral Society,http://3riversgem_mineral.tripod.com/,Indiana 
Cedar Rapids,Cedar Valley Rocks and Minerals Society,http://www.cedarvalleyrockclub.org/,Iowa 
Des Moines,Des Moines Lapidary Society,http://dmlapidary.org/,Iowa 
Mount Vernon,Geology Club @ Cornell College,http://orgs.cornellcollege.edu/geo_club/,Iowa 
Ames,Iowa State University Geology Club,https://www.facebook.com/ISUGEOCLUB/,Iowa 
Fort Dodge,River Valley Rockhounds,http://amfed.org/mwf/states/Iowa/RiverValley.html,Iowa 
Fairfield,The Sac & Fox Lapidary Club,http://members.iowatelecom.net/billrath/rock_club.html,Iowa 
Kansas City,Olathe Gem and Mineral Society,http://olathegemclub.com/,Kansas 
Topeka,Topeka Gem & Mineral Society,http://www.topekagms.org/,Kansas 
Wichita,Wichita Gem and Mineral Society,http://www.wgmsks.org/,Kansas 
Wichita,Wichita Paleontological Society,http://www.reocities.com/CapeCanaveral/Hangar/4265/home.html,Kansas 
Lexington,Blue Grass Gem & Mineral Club of Central Kentucky,http://bggamc.homestead.com/,Kentucky 
Louisville,KYANA Geological Society,http://www.kyanageo.org/,Kentucky 
Lexington,Kentucky Paleontological Society,http://www.uky.edu/OtherOrgs/KPS/,Kentucky 
Shreveport,Ark-La-Tex Gem & Mineral Society,http://larockclub.com/,Louisiana 
Baton Rouge,Baton Rouge Gem & Mineral Society,http://www.brgemandmineral.org/,Louisiana 
Leesville,DeRidder Gem & Mineral Society,https://www.facebook.com/DeRidder-Gem-Mineral-Society-1123146734440993/,Louisiana 
Winthrop,Kennebec Rocks and Minerals Club,http://kennebec-rocksandminerals.com/,Maine 
Portland,Maine Mineralogical & Geological Society,http://mainemineralclub.org/,Maine 
South Paris,Oxford County Mineral and Gem Association,http://ocmgassoc.blogspot.com/,Maine 
Milford,Penobscot Mineral and Lapidary Club,http://penobscotminerallapidaryclub.com/index.html,Maine 
Bowie,American Fossil Federation,http://americanfossilfederation.org/Home.html,Maryland 
Baltimore,Baltimore Mineral Society,http://www.baltimoremineralsociety.org/,Maryland 
Solomons,Calvert Marine Museum Fossil Club,http://www.calvertmarinemuseum.com/209/Fossil-Club,Maryland 
Elkridge,Central Maryland Rock and Mineral Collectors Exchange,https://www.meetup.com/rockhounds/,Maryland 
Baltimore,Chesapeake Gem & Mineral Society,http://www.chesapeakegemandmineral.org/,Maryland 
Baltimore,"Gem Cutters Guild of Baltimore, Inc.",http://www.gemcuttersguild.com/,Maryland 
Rockville,"Gem, Lapidary, and Mineral Society of Montgomery County, MD., Inc.",http://www.glmsmc.com/,Maryland 
Bowie,Maryland Geological Society,http://www.ecphora.net/mgs/,Maryland 
"Washington, DC",Micromineralogists of the National Capital Area,http://dcmicrominerals.org/,Maryland 
Annapolis,Patuxent Lapidary Guild,http://www.patuxentlapidary.org/,Maryland 
Clinton,Southern Maryland Rock and Mineral Club,http://www.smrmc.org/,Maryland 
"Washington, DC",The Mineralogical Society of the District of Columbia,http://www.mineralogicalsocietyofdc.org/,Maryland 
Boston,"Boston Mineral Club, Inc.",http://www.bostonmineralclub.org/,Massachusetts 
Springfield,Connecticut Valley Mineral Club,http://www.cvmineralclub.org/,Massachusetts 
Chemlsford,Micromounters of New England,http://micromountersofnewengland.org/,Massachusetts 
Westford,Nashoba Valley Mineralogical Society,http://www.americantowns.com/ma/westford/organization/nashoba_valley_mineralogical_society,Massachusetts 
South Hamilton,North Shore Rock & Mineral Club of Massachusetts,http://www.northshorerock.org/,Massachusetts 
North Adams,Northern Berkshire Mineral Club,http://nbmclub.webs.com/,Massachusetts 
Bridgewater,Southeastern Massachusetts Mineral Club,http://semmc.com/,Massachusetts 
Worcester,Worcester Mineral Club,http://worcestermineralclub.org/,Massachusetts 
Big Rapids,"Big Rapids Rock, Gem & Mineral Club",https://sites.google.com/site/bigrapidsrockgemmineralclub/,Michigan 
Lansing,Central Michigan Lapidary and Mineral Society,http://michrocks.org/,Michigan 
Dollar Bay,Copper Country Rock and Mineral Club,http://www.ccrmc.info/,Michigan 
Flint,Flint Rock and Gem Club,http://www.flintrockandgem.org/,Michigan 
Traverse City,Grand Traverse Area Rock and Mineral Club,http://tcrockhounds.com/,Michigan 
Wyoming,Indian Mounds Rock & Mineral Club,http://www.indianmoundsrockclub.com/,Michigan 
Ishpeming,Ishpeming Rock and Mineral Club,http://www.ishpemingrocks.org/,Michigan 
Kalamazoo,Kalamazoo Geological & Mineral Society,http://kalamazoorockclub.org/,Michigan 
Howell,Livingston Gem & Mineral Society,http://www.livingstongemandmineralsociety.com/,Michigan 
Michigan Center,Michigan Gem & Mineral Society,http://mgmsrockclub.com/,Michigan 
Bloomfield Hills,Michigan Mineralogical Society,https://www.michmin.org/,Michigan 
Midland,Mid-Michigan Rock Club,http://www.midmichrockclub.com/?Page=1,Michigan 
Grand Rapids,Midwest Faceters' Guild,http://www.midwestfaceters.org/,Michigan 
Taylor,Midwest Mineralological & Lapidary Society,http://www.mmls.us/,Michigan 
Roscommon,Mikenauk Rock and Gem Club,http://mikenaukclub.weebly.com/,Michigan 
Mt. Clemens,Mount Clemens Gem & Lapidary Society,http://mcgls.org/,Michigan 
Waterford,Oakland County Earth Science Club,http://www.ocesc.com/,Michigan 
Livonia,Roamin Club,https://roaminrockclub.weebly.com/,Michigan 
Morenci,StateLine Gem & Mineral Society,http://statelinegms.com/,Michigan 
Holland,"Tulip City Gem & Mineral Club, Inc.",http://www.tulipcity.org/,Michigan 
Minneapolis,Anoka County Gem & Mineral Club,http://www.amfed.org/mwf/states/Minnesota/AnokaGem.html,Minnesota 
Brainerd,"Cuyuna Rock, Gem and Mineral Society",http://cuyunarockclub.org/wp/,Minnesota 
Falcon Heights,Minnesota Mineral Club,http://minnesotamineralclub.org/,Minnesota 
Mankato,Minnesota Valley Gem & Mineral Club,http://www.mnvalleygemandmineralclub.com/,Minnesota 
Stillwater,St Croix Rockhounds,http://stcroixrockhounds.org/,Minnesota 
Gulfport,"Harrison County Gem & Mineral Society, Inc.",http://www.gulfportgems.org/,Mississippi 
Jackson,Mississippi Gem & Mineral Society,http://missgems.org/,Mississippi 
Jackson,Mississippi Geological Society,http://www.missgeo.com/,Mississippi 
Ocean Springs,Mississippi Gulf Coast Gem and Mineral Society,http://www.mgcgms.org/,Mississippi 
Tupelo,North Mississippi Gem and Mineral Society,http://www.nmgms.org/,Mississippi 
Columbia,Central Missouri Rock and Lapidary Club,http://www.cmrlc.org/,Missouri 
Independence,Independence Gem & Mineral Society,http://www.igams.co/,Missouri 
St. Joseph,Missouri Valley Gem & Mineral Society,http://www.movalleyrockclub.com/,Missouri 
Lincoln,"Mozarkite Society of Lincoln, Inc.",http://www.mozarkite.com/,Missouri 
Springfield,Ozark Mountain Gem & Mineral Society,https://www.facebook.com/omgms.57,Missouri 
St. Louis,Rock Hobby Club of Greater Saint Louis,xxxxxhttp://rockhobby.stlearthsci.org/Home.aspxxxxxx,Missouri 
St. Louis,Rockwood Gem & Mineral Society,http://rockwood.stlearthsci.org/,Missouri 
St. Louis,St. Louis Mineral & Gem Society,http://www.stlrockclub.com/,Missouri 
St. Peters,"Show Me Gems & Minerals Club, Inc.",http://showme.stlearthsci.org/,Missouri 
Kansas City,Show-Me Rockhounds Kansas City,https://showmerockhounds.com/,Missouri 
Billings,"Billings Gem & Mineral Club, Inc.",http://www.billingsgemclub.com/,Montana 
Corvallis,Bitterroot Gem & Mineral Society,http://www.ravalligemandmineralclub.org/,Montana 
Bozeman,Bozeman Gem and Mineral Club,http://bozemangemandmineralclub.com/,Montana 
Missoula,Hellgate Mineral Society,https://www.facebook.com/HellgateMineralSociety/,Montana 
Kalispell,Kalispell Rockhound Club,http://www.kalispellrockhounds.org/,Montana 
Lincoln,"Lincoln Gem & Mineral Club, Inc.",https://www.lincolngemmineralclub.org/,Nebraska 
Reno,Comstock Gold Prospectors,http://cgpgold.org/,Nevada 
Carson City,Great Basin Gem & Mineral Club,http://greatbasingemandmineralclub.rocks/,Nevada 
Carson City,High Desert Rockers,https://highdesertrockers.wordpress.com/,Nevada 
Pahrump,Nye Gold Seekers,http://nyegoldseekers.webs.com/,Nevada 
Reno,Reno Gem and Mineral Society,http://www.renorockhounds.com/,Nevada 
Las Vegas,Southern Nevada Gem and Mineral Society,http://www.snvgms.org/,Nevada 
Concord,Capital Mineral Club,http://www.capitalmineralclub.org/,New Hampshire 
Keene,Keene Mineral Club,https://sites.google.com/site/keenemineralclub/home,New Hampshire 
Conway,Saco Valley Gem and Mineral Club,http://www.sacovalleygemandmineralclub.org/,New Hampshire 
Dover,Southeastern New Hampshire Mineral Club,https://www.senhmc.org/,New Hampshire 
Cologne,Cape Atlantic Rockhounds Inc.,http://www.capeatlanticrockhounds.com/,New Jersey 
Woodbury,Delaware Valley Earth Science Society,http://www.dvess.org/,New Jersey 
Marlboro Township,Friends of Mineralogy - New Jersey Chapter,https://fomnj.wordpress.com/,New Jersey 
Morristown,Morris Museum Mineralogical Society,http://morrismuseum.org/mineral-society/,New Jersey 
Mountainside,"New Jersey Mineralogical Society, Inc",http://www.njmin.org/,New Jersey 
Paterson,"North Jersey Mineralogical Society, Inc.",http://www.nojms.webs.com/,New Jersey 
Albuquerque,Albuquerque Gem & Mineral Club,http://www.agmc.info/,New Mexico 
Carlsbad,Carlsbad Gem and Mineral Society,http://www.carlsbadgms.org/,New Mexico 
Deming,Deming Gem & Mineral Society,http://www.thedgms.com/,New Mexico 
Silver City,"Grant County Rolling Stones Gem & Mineral Society, Inc.",http://rollingstonesgms.blogspot.com/,New Mexico 
Los Alamos,Los Alamos Geological Society,http://pweb.netcom.com/~hoffmans/LAGS.html,New Mexico 
Buffalo,"Buffalo Geological Society, Inc.",http://www.bgsny.org/,New York 
Albany,Capital District Mineral Club,http://capitaldistrictmineralclub.com/,New York 
Syracuse,"Gem and Mineral Society of Syracuse, Inc.",http://www.gmss.us/,New York 
Bellmore,Island Rockhounds Inc.,http://www.islandrockhounds.org/,New York 
Jamesport,Long Island Mineral & Geology Society,http://www.limineralandgeology.com/LiMags/Home.html,New York 
Poughkeepsie,Mid-Hudson Valley Gem and Mineral Society Inc.,http://mhvgms.org/index.html,New York 
Glen Cove,Nassau Mineral Club,http://nassaumineralclub.org/,New York 
NYC,New York Mineralogical Club,http://www.newyorkmineralogicalclub.org/,New York 
NYC,New York Paleontological Society,http://www.nyps.org/index.htm,New York 
Middletown,Orange County Mineral Society,http://www.orangecountymineralsocietynewyork.com/,New York 
Rochester,Rochester Academy of Science,http://www.rasny.org/,New York 
Rochester,Rochester Lapiday Society,http://www.rochesterlapidary.org/,New York 
Canton,St. Lawrence County Rock & Mineral Club,http://stlawrencecountymineralclub.org/,New York 
Bay Shore,Suffolk Gem & Mineral Club,http://www.suffolkgem.com/,New York 
Newark,Wayne County Gem and Mineral Club,http://www.wcgmc.org/,New York 
Fayetteville,Cape Fear Mineral & Gem Society,http://www.mercergarden.com/GemClub.html,North Carolina 
Hickory,Catawba Valley Gem & Mineral Club,http://www.cvgmc.com/,North Carolina 
Chapel Hill,Central North Carolina Mineral Club,http://www.centralncmineralclub.org/,North Carolina 
Charlotte,Charlotte Gem & Mineral Club,http://www.charlottegem.com/,North Carolina 
Winston-Salem,Forsyth Gem and Mineral Club,http://www.forsythgemclub.com/fgmcmain.html,North Carolina 
Gastonia,"Gaston Gem, Mineral and Faceters Club",http://gastongemclub.weebly.com/,North Carolina 
Franklin,Gem & Mineral Society of Franklin,http://www.fgmm.org/,North Carolina 
Greensboro,Greensboro Gem & Mineral Club,http://www.ggmc-rockhounds.com/,North Carolina 
Hendersonville,Henderson County Gem and Mineral Society,http://hcgms.com/index.html,North Carolina 
Asheville,Mountain Area Gem and Mineral Association (MAGMA),http://www.wncrocks.com/magma/magma.html,North Carolina 
Raleigh,North Carolina Fossil Club,http://www.ncfossilclub.org/,North Carolina 
Asheville,Southern Appalachian Mineral Society,http://www.main.nc.us/sams/,North Carolina 
Raleigh,Tar Heel Gem & Mineral Club,http://www.tarheelclub.org/,North Carolina 
Bismarck,Central Dakota Gem & Mineral Society,https://ndrockclub.org/,North Dakota 
Troy,Brukner Gem and Mineral Club,http://www.bruknergemandmineralclub.com/,Ohio 
Cincinnati,Cincinnati Mineral Society,http://mineralsociety.org/,Ohio 
Columbus,Columbus Rock and Mineral Society,http://www.columbusrockandmineralsociety.org/,Ohio 
Kettering,Dayton Gem & Mineral Society,https://www.facebook.com/The-Dayton-Gem-Mineral-Society-140478502678195/,Ohio 
Cincinnati,Dry Dredgers,http://drydredgers.org/,Ohio 
Loveland,Greater Cincinati Lapidary and Faceting Society,http://cincinnatilapidary.weebly.com/,Ohio 
Cleveland,North Coast Fossil Club,http://ncfclub.org/,Ohio 
Worthington,Ohio Geological Society,https://ohiogeosoc.org/,Ohio 
Cleveland,Parma Lapidary Club,http://www.parmalapidary.com/,Ohio 
Mansfield,Richland Lithic & Lapidary Society,http://rlls.webs.com/,Ohio 
Cuyahoga Falls,Summit Lapidary Club,http://lapidaryclubofohio.org/,Ohio 
Toledo,Toledo Gem & Rockhound Club,http://rockyreader.com/,Ohio 
Ada,"Ada Gem, Mineral and Fossil Club",http://www.freewebs.com/agmfc/,Oklahoma 
Enid,Enid Gem & Mineral Society,http://www.enidgemandmineral.org/,Oklahoma 
Oklahoma City,Oklahoma Mineral and Gem Society,http://omgs-minerals.org/,Oklahoma 
Shawnee,Shawnee Gem and Mineral Society,https://www.facebook.com/Shawnee-Gem-and-Mineral-Society-524175917629452/,Oklahoma 
Tulsa,Tulsa Rock and Mineral Society,http://www.ttownrockhound.org/,Oklahoma 
Tahlequah,Tahlequah Rock and Mineral Society,http://tramsok.webs.com/,Oklahoma 
Redmond,Central Oregon Rock Collectors,https://corockcollectors.com/,Oregon 
Oregon City,Clackamette Mineral and Gem Club,http://www.clackamettegem.org/,Oregon 
Portland/West Linn,Columbia-Willamette Faceters' Guild,http://facetersguild.com/,Oregon 
North Bend,FarWest Lapidary & Gem Society,http://www.farwestlapidary.org/,Oregon 
Hermiston,Hatrockhounds Gem and Mineral Society,http://jall23.wixsite.com/hatrockhounds,Oregon 
Portland,Millennium Diggers Club,http://www.millenniumdiggers.com/,Oregon 
Gresham,Mt Hood Rock Club,https://mthoodrockclub.wordpress.com/,Oregon 
Hillsboro,North American Research Group,http://narg-online.com/,Oregon 
Portland,"Oregon Agate & Mineral Society, Inc.",http://www.oregonagate.org/,Oregon 
Newport,Oregon Coast Agate Club,http://www.coastagates.org/,Oregon 
Prineville,Prineville Rockhound Pow-Wow Assoc.,http://prineville.rocks/,Oregon 
Klamath Falls,Rock and Arrowhead Club of Klamath Falls,http://www.klamathrockclub.org/,Oregon 
Springfield,Springfield Thunderegg Rock Club,http://thundereggrockclub.blogspot.com/,Oregon 
Forest Grove,Tualatin Valley Gem Club,https://tvrgc.org/,Oregon 
Salem,"Willamette Agate and Mineral Society, Inc.",http://www.wamsi.net/,Oregon 
Harrisburg,"Central Pennsylvania Rock and Mineral Club, Inc.",http://www.rockandmineral.org/,Pennsylvania 
Sayre,"Che-Hanna Rock and Mineral Club, Inc.",http://www.chehannarocks.com/,Pennsylvania 
Philadelphia,Delaware Valley Paleontological Society,https://sites.google.com/site/dvpspaleo/,Pennsylvania 
St. Peters,Friends of Mineralogy - Pennsylvania Chapter,http://www.rasloto.com/FM/,Pennsylvania 
Erie,Gem City Rock and Mineral Society,http://www.gemcityrockclub.org/,Pennsylvania 
Fairless Hills,Leidy Microscopical Society,http://leidymicroscopical.com/,Pennsylvania 
Hanover,"Mason-Dixon Rock, Mineral, Gemological, & Lapidary Club",http://topgemz.com/,Pennsylvania 
Moosic,Mineralogical Society of Northeastern Pennsylvania,http://msnepa.org/,Pennsylvania 
Pittsburgh,Monongahela Rockhounds,http://www.monongahelarockhounds.org/,Pennsylvania 
Stroudsburg,Monroe County Earth Science Association,http://www.mdsysconsulting.com/MCESA/,Pennsylvania 
Mars,Moraine Rockbusters,http://www.morainerockbusters.org/,Pennsylvania 
State College,Nittany Mineralogical Society,http://www.nittanymineral.org/,Pennsylvania 
Whitehall,Pennsylvania Earth Sciences Association,http://www.mineralfest.com/,Pennsylvania 
Philadelphia,Philadelphia Mineralogical Society,http://www.phillyrocks.org/,Pennsylvania 
Pittsburgh,Pittsburgh Geological Society,http://www.pittsburghgeologicalsociety.org/index.html,Pennsylvania 
Brookhaven,Tuscarora Lapidary Society,http://www.lapidary.org/,Pennsylvania 
Warwick,"Rhode Island Mineral Hunters, Inc.",http://rimh.us/,Rhode Island 
Aiken,Aiken Gem and Mineral Society,http://www.aikengmfs.org/,South Carolina 
Columbia,Columbia Gem & Mineral Society,http://www.cgams.org/,South Carolina 
North Charleston,Lowcountry Gem and Mineral Society,http://lowcountrygemandmineralsociety.org/,South Carolina 
Central,Pendleton District Gem and Mineral Society,http://www.woodsmere.com/pdgms/,South Carolina 
Greenville,Western South Carolina Gem and Mineral Society,http://www.wescagem.org/,South Carolina 
Sioux Falls,Sioux Empire Gem and Mineral Society,http://www.segams.org/,South Dakota 
Rapid City,Western Dakota Gem & Mineral Society,http://www.wdgms.org/,South Dakota 
Knoxville,Knoxville Gem & Mineral Society,http://www.knoxrocks.org/,Tennessee 
Memphis,Memphis Archaeological & Geological Society,http://www.memphisgeology.org/,Tennessee 
Nashville,Middle Tennessee Rockhounds,http://www.rockhound.org/,Tennessee 
"Murfreesboro, Donelson, Tullahoma",Mid-Tennessee Gem and Mineral Society,http://www.mtgms.org/,Tennessee 
Arlington,Arlington Gem and Mineral Club,http://www.agemclub.org/,Texas 
Austin,Austin Gem and Mineral Society,http://www.austingemandmineral.org/index.html,Texas 
Abilene,Central Texas Gem & Mineral Society,http://rockclub.txol.net/,Texas 
Alpine,Chihuahuan Desert Gem and Mineral Club,http://www.cdgmc.org/,Texas 
Houston,Clear Lake Gem and Mineral Society,http://www.clgms.org/,Texas 
Fort Worth,"Cowtown Gem, Mineral & Glass Society",http://cera-fw.org/gem-mineral-glass/,Texas 
Dallas,Dallas Gem and Mineral Society,http://www.dallasgemandmineral.org/,Texas 
Dallas,Dallas Paleontological Society,https://dps.wildapricot.org/,Texas 
Tyler,East Texas Gem and Mineral Society,http://www.etgms.com/,Texas 
El Paso,"El Paso Mineral and Gem Society, Inc.",http://www.epmgs.com/,Texas 
Fort Worth,Fort Worth Gem and Mineral Club,http://www.fortworthgemandmineralclub.org/,Texas 
Fredericksburg,Fredericksburg Rockhounds,http://fredericksburgrockhounds.org/,Texas 
San Antonio,Geological Society of San Antonio,http://www.geosa.org/,Texas 
Amarillo,"Golden Spread Gem, Mineral and Treasure Society",http://www.amarillotreasure.com/,Texas 
Corpus Christi,Gulf Coast Gem & Mineral Society,http://www.gcgms.org/,Texas 
Houston,Houston Gem and Mineral Society,http://www.hgms.org/,Texas 
Lubbock,Lubbock Gem and Mineral Society,http://www.lubbockgemandmineral.org/,Texas 
Midland,"Midland Gem and Mineral Society, Inc.",https://www.facebook.com/midlandgemandmineral/,Texas 
Dallas,Oak Cliff Gem and Mineral Society,http://www.ocgemandmineral.com/,Texas 
Austin,Paleontological Society of Austin,http://www.austinpaleo.org/,Texas 
Jasper,Pine Country Gem & Mineral Society,http://www.pinecountry-gms.org/,Texas 
Huntsville,Piney Woods Gem & Mineral Society,http://www.pwgms.org/,Texas 
Dallas,Pleasant Oaks Gem & Mineral Club,http://www.pogmc.org/,Texas 
Rollin' Rock Club Of Texas And Any Other State Or Country Of The World and Outer Space,"Rollin' Rock Club, Inc.",https://sites.google.com/site/rollinrockclub/,Texas 
San Antonio,South Texas Geological Society,http://www.stgs.org/,Texas 
San Antonio,Southwest Gem and Mineral Society,http://www.swgemandmineral.org/,Texas 
Houston,Texas Faceters Guild,http://texasfacetersguild.org/,Texas 
Temple,"Tri-City Gem and Mineral Society, Inc.",https://www.facebook.com/midlandgemandmineral/,Texas 
Waco,Waco Gem and Mineral Club,http://www.wacogemandmineral.org/,Texas 
Georgetown,Williamson County Gem and Mineral Society,http://www.wcgms.org/,Texas 
Decatur,"Wise County Fossil, Rock and Mineral Society",http://wisecofossilrockandmineralsoc.weebly.com/,Texas 
Ogden,Beehive Rock and Gem Club,http://www.beehiverockandgem.com/,Utah 
Smithfield,Cache Rock and Gem Club,http://cacherockgemclub.weebly.com/,Utah 
Ogden,Golden Spike Gem & Mineral Society,http://goldenspikegem.org/,Utah 
Salt Lake City,Mineral Collectors of Utah,http://m-c-u.org/,Utah 
Moab,Moab Rock Club,https://www.facebook.com/Moab-Rock-Club-1508131859497762/,Utah 
Sandy,Rockhounders Outreach for Community Knowledge,http://www.rockhoundersock.com/,Utah 
Provo,Timpanogos Gem & Mineral Society,http://timprocks.weebly.com/,Utah 
Tooele,Tooele Gem & Mineral Society,https://www.facebook.com/Tooele-Gem-Mineral-Society-1742342656045404/,Utah 
Salt Lake City,Wasatch Gem Society,http://www.wasatchgemsociety.com/,Utah 
Burlington,Burlington Gem and Mineral Club,http://www.burlingtongemandmineralclub.org/,Vermont 
Rutland,Rutland Rock & Mineral Club,http://www.rutlandrockmineralclub.50webs.com/,Vermont 
Manassas,"Gem and Mineral Hunters, Inc.",http://www.gmhonline.org/,Virginia 
Lynchburg,Gem and Mineral Society of Lynchburg,http://www.lynchburgrockclub.org/,Virginia 
Hampton,Gem and Mineral Society of the Virginia Peninsula,http://www.gmsvp.org/,Virginia 
Arlington,"Northern Virginia Mineral Club, Inc.",http://www.novamineralclub.org/,Virginia 
Richmond,Richmond Gem & Mineral Society,http://www.rgms-va.info/,Virginia 
Roanoke,Roanoke Valley Mineral & Gem Society,https://www.facebook.com/RVMGS/,Virginia 
Waynesboro,Shenandoah Valley Gem & Mineral Society,http://www.shenandoahvalleyrockclub.org/,Virginia 
Virginia Beach,Tidewater Gem & Mineral Society,http://tgms.weebly.com/,Virginia 
Bellevue,"Bellevue Rock Club, Inc.",http://www.bellevuerockclub.org/,Washington 
Kent,Cascade Mineralogical Society Inc,http://www.cascademineralogicalsociety.org/,Washington 
Port Angeles,Clallam County Gem & Mineral Association,http://www.olympicrocks.com/,Washington 
Darrington,Darrington Rock & Gem Club,https://www.facebook.com/DarringtonRGC/,Washington 
Kirkland,East KingCo Rock Club,http://www.eastkingco.org/,Washington 
Everett,Everett Rock & Gem Club,http://www.everettrockclub.com/,Washington 
Wenatchee,Ginkgo Mineral Society,http://wenatcheerockclub.org/,Washington 
Bremerton,Kitsap Mineral and Gem Societ,http://www.kmgs.org/,Washington 
Kennewick,"Lakeside Gem & Mineral Club, Inc.",http://www.lakesidegemandmineralclub.com/,Washington 
Edmonds,Maplewood Rock & Gem Community Club,http://www.maplewoodrockclub.com/,Washington 
Walla Walla,Marcus Whitman Gem and Mineral Society,https://www.sites.google.com/site/mwgemandmineral/,Washington 
Marysville,"Marysville Rock & Gem Club, Inc.",https://sites.google.com/site/marysvillerockngemclub/,Washington 
Bellingham,Mount Baker Rock And Gem Club,http://mtbakerrockclub.org/,Washington 
Kent,North American Miners Association,http://www.namaminers.org/,Washington 
Mount Vernon,North Puget Sound Facetors Guild,http://www.facetguild.com/,Washington 
Puget Sound,Northwest Paleontological Association,http://nwpaleo.org/,Washington 
Arden,Panorama Gem & Mineral Club,http://panoramagem.com/,Washington 
Puyallup,Puyallup Valley Gem & Mineral Club,https://www.facebook.com/PuyallupValleyGemClub,Washington 
Mt. Vernon,Skagit Rock and Gem Club,https://www.skagitrockandgem.com/,Washington 
Spokane Valley,Spokane Rock Rollers Club,http://www.rockrollers.org/WP/,Washington 
Seattle,North Seattle Lapidary & Mineral Club,http://www.northseattlerockclub.org,Washington 
Olympia,Washington Agate and Mineral Society,https://wamsolympia.wordpress.com,Washington 
Seattle,West Seattle Rock Club,http://www.westseattlerockclub.org/,Washington 
Yakima,Yakima Rock & Mineral Club,http://www.yakimarockclub.com/,Washington 
Charleston,Kanawha Rock and Gem Club,http://www.kanawharockandgemclub.org/,West Virginia 
Morgantown,Prehistoric West Virginia,http://prehistoricplanet.com/wv/,West Virginia 
Clarksburg,West Virginia Fossil Club Inc,http://www.westvirginiafossilclub.com/,West Virginia 
Monroe,"Badger Lapidary & Geological Society, Inc.",http://www.badgerrockclub.org/,Wisconsin 
La Crosse,Coulee Rock Club of La Crosse,https://www.facebook.com/pages/The-Coulee-Rock-Club/182345351787782,Wisconsin 
Marshfield & Stevens Point,Heart of Wisconsin Gem & Mineral Society,https://www.heartofwisconsinrocks.com/,Wisconsin 
Pewaukee,Kettle Moraine Geological Society,http://www.kmgsrocks.com/,Wisconsin 
Minocqua,Lakeland Gem Club,http://www.lakelandgemclub.com/,Wisconsin 
Madison,Madison Gem and Mineral Club,http://www.madisonrockclub.org/,Wisconsin 
Cameron,Northwest Wisconsin Gem & Mineral Society,http://www.cameronamericanlegion.org/rockclub.html,Wisconsin 
Oshkosh,Oshkosh Earth Science Club,https://sites.google.com/site/oshkoshearthscienceclub/home,Wisconsin 
Racine,"Racine Geological Society, Inc",http://rgs-wi.tripod.com/,Wisconsin 
Menasha,Weis'n'Miners Geology Club,http://www.weismuseum.org/geology-club.html,Wisconsin 
West Allis,Wisconsin Geological Society,http://www.wisgeologicalsociety.com/,Wisconsin 
Cody,Cody 59ers Rock Club,http://www.cody59ers.com/,Wyoming 
Riverton,Riverton Mineral and Gem Society,http://www.rivertonmgs.com/,Wyoming 
Cody,Wyoming State Mineral and Gem Society,http://wymineralandgemsociety.org,Wyoming 
